<?xml version="1.0" encoding="UTF-8" standalone="yes"?>
<user>
    <email>email@example.gov</email>
    <id>0</id>
    <name>cooluser</name>
    <schedule>
        <activity>
            <id>1</id>
            <name>Non Recurring 1</name>
            <description></description>
            <location></location>
            <time>
                <start>14:00</start>
                <end>16:00</end>
            </time>
            <days>MONDAY</days>
            <startDate>2020-03-23</startDate>
            <endDate>2020-03-23</endDate>
        </activity>
        <activity>
            <id>2</id>
            <name>Non Recurring 2</name>
            <description></description>
            <location></location>
            <time>
                <start>14:00</start>
                <end>16:00</end>
            </time>
            <days>MONDAY</days>
            <startDate>2020-03-30</startDate>
            <endDate>2020-03-30</endDate>
        </activity>
        <id>1</id>
    </schedule>
</user>
